{
  "pytoshop": {
    "installed": true,
    "timestamp": 1758229916.7468212
  },
  "psd-tools": {
    "installed": false,
    "timestamp": 1758233884.542421
  },
  "Pillow": {
    "installed": false,
    "timestamp": 1758233886.6220531
  },
  "torch": {
    "installed": true,
    "timestamp": 1758229931.590956
  },
  "numpy": {
    "installed": true,
    "timestamp": 1758229931.5916748
  }
}