{
  "pytoshop": {
    "installed": true,
    "timestamp": 1758229916.7468212
  },
  "psd-tools": {
    "installed": false,
    "timestamp": 1758262509.78635
  },
  "Pillow": {
    "installed": false,
    "timestamp": 1758262493.547477
  },
  "torch": {
    "installed": true,
    "timestamp": 1758229931.590956
  },
  "numpy": {
    "installed": true,
    "timestamp": 1758229931.5916748
  }
}