{
  "pytoshop": {
    "installed": true,
    "timestamp": 1758229916.7468212
  },
  "psd-tools": {
    "installed": false,
    "timestamp": 1758262311.6764731
  },
  "Pillow": {
    "installed": false,
    "timestamp": 1758262314.589036
  },
  "torch": {
    "installed": true,
    "timestamp": 1758229931.590956
  },
  "numpy": {
    "installed": true,
    "timestamp": 1758229931.5916748
  }
}