{
  "pytoshop": {
    "installed": true,
    "timestamp": 1758229916.7468212
  },
  "psd-tools": {
    "installed": false,
    "timestamp": 1758263305.280582
  },
  "Pillow": {
    "installed": false,
    "timestamp": 1758263308.45931
  },
  "torch": {
    "installed": true,
    "timestamp": 1758229931.590956
  },
  "numpy": {
    "installed": true,
    "timestamp": 1758229931.5916748
  }
}